id,by,kids,score,time,title,type,url,createdAt,updatedAt
6784967,btmills,[6785527,6785765,6785039,6785665,6785381,6785095,6785718,6785351,6785164,6785319,6785469,6785026,6786925,6785370,6786340,6790390,6785545,6785965],466,1385174091,Walmart Node.js Memory Leak,story,http://www.joyent.com/blog/walmart-node-js-memory-leak,2014-10-24 05:10:30,2014-10-24 05:10:30
7987146,beltex,[7987315,7987945,7987331,7988375,7987439,7987642,7987311,7987199,7987641,7991326,7987338,7987632,7987519,7988494,7987436,7987394,7991331,7987568,7987415,7991891,7987426,7987404,7987659,7990287,8006286,7987465,7987653,7987252,7987245,7987981,7987335,7987549],357,1404443682,Farewell Node.js,story,https://medium.com/code-adventures/4ba9e7f3e52b,2014-10-23 05:30:32,2014-10-23 05:30:32
6641050,binarymax,[6641654,6642860,6641317,6641347,6641366,6641503,6641192,6641194,6641185,6642161,6641893,6641569,6641523,6642230,6642426,6644014,6641497,6642751,6668370,6641341,6641433,6641514,6642708,6641255,6642276,6641610,6641332,6641917],286,1383147375,Java Virtual Machine in pure Node.js,story,https://github.com/YaroslavGaponov/node-jvm#!,2014-10-24 05:10:30,2014-10-24 05:10:30
7930586,vecio,[7930889,7931734,7930773,7930980,7930941,7931179,7934170,7931208,7930750,7930946,7931201,7930832,7930838,7930844,7930744,7931617,7930796,7930751,7930791,7931063,7931065,7933598,7930725,7936153,7935518,7930884,7931409,7935932,7931866],285,1403506552,NodeBB: Node.js-based forum software,story,https://github.com/NodeBB/NodeBB,2014-10-23 05:30:32,2014-10-23 05:30:32
7130746,sahat,[7131167,7131905,7130854,7131320,7131770,7131250,7133249,7130936,7133086,7131420,7132106,7133533,7130972,7132680,7164148,7131107,7136549,7131325,7132852,7133185,7131395,7132905,7132075,7131078],276,1390836439,Hackathon Starter – Boilerplate for Node.js web application,story,https://github.com/sahat/hackathon-starter,2014-10-24 05:10:29,2014-10-24 05:10:29
7064470,sintaxi,[7064601,7064828,7064516,7065111,7064665,7064594,7065224,7065302,7064574,7065817,7064688,7064691,7064699,7065620,7065959,7064567,7066379,7065149,7064832,7065323,7064731,7065206],235,1389805642,The Next Phase of Node.js,story,http://blog.nodejs.org/2014/01/15/the-next-phase-of-node-js/index.html,2014-10-24 05:10:29,2014-10-24 05:10:29
6776083,ambuj,[6777015,6778202,6777452,6776755,6776750,6777916,6779328,6777604,6776772,6777294,6779076,6777795,6777143,6776537,6776669,6778022,6776811,6776851,6777019,6777018,6777017,6777009],232,1385055750,Node.js Tools for Visual Studio,story,http://www.hanselman.com/blog/IntroducingNodejsToolsForVisualStudio.aspx,2014-10-24 05:10:30,2014-10-24 05:10:30
8341842,finspin,[8342581,8342560,8344126,8342386,8344133,8342700,8342332,8344151,8342304,8342477],220,1411152003,Node.js Best Practices,story,https://www.joyent.com/developers/node/design,2014-10-23 05:30:31,2014-10-23 05:30:31
7483574,ranman,[7483816,7484295,7484750,7484314,7483965,7484084,7483895,7484551,7484323,7484187,7485070,7487775,7488949,7483801,7484565,7483862,7488168,7483942,7483793,7483706,7483941,7483683,7484151,7483645,7483670],189,1395955368,Build Your Own Lockitron With Twilio, Arduino, and Node.js,story,https://www.twilio.com/blog/2014/03/build-your-own-lockitron-with-twilio-arduino-and-node-js.html,2014-10-24 05:10:28,2014-10-24 05:10:28
6717672,there4,[6717938,6718104,6717978,6718312,6717985,6717869,6717910,6718304,6717885,6718372,6718961,6718242,6718310,6718381,6718179,6718841,6718082,6717946],163,1384263269,Benchmarking Codswallop: Node.js vs. PHP,story,http://philsturgeon.co.uk/blog/2013/11/benchmarking-codswallop-nodejs-v-php,2014-10-24 05:10:30,2014-10-24 05:10:30
7987216,jjallen,[7987317,7987325,7987285,7987935,7988039,7987313,7987265,7987264],154,1404445037,Farewell Node.js - TJ Holowaychuk,story,https://medium.com/code-adventures/farewell-node-js-4ba9e7f3e52b,2014-10-23 05:30:32,2014-10-23 05:30:32
8306092,feross,[8306613,8306326,8307145,8306952,8306465,8307108,8307326,8308570,8307135],151,1410483299,Awesome Node.js: Curated list of delightful Node.js packages,story,https://github.com/sindresorhus/awesome-nodejs,2014-10-23 05:30:31,2014-10-23 05:30:31
7796196,linhmtran168,[7796565,7797156,7797918,7796960,7796572,7796625,7796803,7797539,7796894,7798612,7796523,7797672,7796768,7797549,7820903,7796495,7796851,7799057,7797310,7796882,7796558,7797700,7796491,7796746,7799159],144,1401021785,LoopBack, a new Node.js framework by StrongLoop,story,http://loopback.io,2014-10-23 05:30:33,2014-10-23 05:30:33
8385270,spolu,[8386155,8385769,8385355,8385803,8386404,8387419,8385631,8385551,8385397,8385563,8386738,8385983,8386519,8385504,8386405,8386270,8386032,8386784],142,1412024420,Using Machine Learning and Node.js to detect the gender of Instagram Users,story,http://totems.co/?p=11084,2014-10-23 05:30:31,2014-10-23 05:30:31
6740796,jeresig,[6741161,6742223,6741406,6741352,6742209,6741806,6742612],130,1384537258,Node.js Stream Playground,story,http://ejohn.org/blog/node-js-stream-playground/,2014-10-24 05:10:30,2014-10-24 05:10:30
6688935,darsee,[6689051,6689350,6689030,6689819,6689110,6689507,6689042,6689291,6689209,6689136,6689117,6689275,6689936,6690487,6689761,6689114,6689646,6692105,6689020,6689229,6691272,6692106,6688972],121,1383826791,How PayPal is being revolutionized by Node.js and Lean UX,story,http://www.nearform.com/nodecrunch/?p=109,2014-10-24 05:10:30,2014-10-24 05:10:30
7073044,fcambus,[7073316,7073895,7073179,7074507],112,1389912510,Node.js and the Road Ahead,story,http://blog.nodejs.org/2014/01/16/nodejs-road-ahead/,2014-10-24 05:10:29,2014-10-24 05:10:29
6818284,audreyt,[6819665,6818502,6818585,6820749,6819260],109,1385710375,PgREST: Node.js in the Database, compatible with MongoLab and Firebase API,story,http://pgre.st/,2014-10-24 05:10:30,2014-10-24 05:10:30
7397637,pmcpinto,[7397851,7397992,7397826,7397797,7399203,7397768,7397746,7397748,7397922,7397828,7397790,7398107,7397769,7397973,7397783,7398192,7397793,7397932,7398444,7397819,7397930,7398152,7397903,7398151,7397801,7398835,7398778,7397867,7397804,7398487,7398328,7397857,7398229,7398523],108,1394788733,Why Node.js is becoming the go-to technology ,story,http://www.nearform.com/nodecrunch/node-js-becoming-go-technology-enterprise#.UyLJD_vIfGh,2014-10-24 05:10:28,2014-10-24 05:10:28
7308975,mindcrime,[7310432,7309217,7309206,7309269,7309306,7309382,7309106,7309552,7311888,7309459,7311185,7310739,7309716,7309171,7309227],107,1393456725,Nodyn – Node.js for the JVM,story,http://nodyn.io/,2014-10-24 05:10:28,2014-10-24 05:10:28
